               epoch,      train/box_loss,      train/obj_loss,      train/cls_loss,   metrics/precision,      metrics/recall,     metrics/mAP_0.5,metrics/mAP_0.5:0.95,        val/box_loss,        val/obj_loss,        val/cls_loss,               x/lr0,               x/lr1,               x/lr2
                   0,             0.11876,             0.13722,            0.037243,           0.0039737,            0.052921,           0.0023798,          0.00054139,             0.11364,               0.174,            0.033488,              0.0784,              0.0024,              0.0024
                   1,             0.10443,             0.15334,            0.026771,             0.35236,             0.10053,            0.019633,           0.0045341,             0.10492,             0.29922,            0.033785,            0.055884,           0.0048838,           0.0048838
                   2,            0.089647,             0.13628,            0.020729,            0.062648,            0.088624,            0.043018,           0.0096407,             0.10719,             0.31703,            0.031984,            0.033351,           0.0073512,           0.0073512
                   3,            0.083671,             0.14285,            0.019326,             0.72146,             0.16837,            0.062777,            0.017676,            0.084527,             0.22945,            0.029336,            0.010802,            0.009802,            0.009802
                   4,            0.077703,             0.14869,             0.01866,             0.77776,             0.16887,             0.13613,            0.045605,            0.063349,             0.18127,            0.028587,            0.009868,            0.009868,            0.009868
                   5,             0.06744,             0.15609,            0.018313,             0.78868,             0.18607,              0.1721,            0.058124,            0.060854,             0.16721,            0.028594,            0.009868,            0.009868,            0.009868
                   6,            0.067921,             0.15116,             0.01836,             0.75664,             0.19048,             0.11764,            0.040025,            0.069763,             0.16927,             0.02883,            0.009835,            0.009835,            0.009835
                   7,            0.064492,             0.15135,            0.018747,              0.8011,             0.14153,             0.15553,            0.062415,            0.070128,             0.17258,            0.027782,            0.009802,            0.009802,            0.009802
                   8,            0.064557,             0.14411,            0.017671,              0.7919,             0.20238,             0.19102,            0.080113,            0.057805,             0.15721,            0.026585,            0.009769,            0.009769,            0.009769
                   9,            0.059477,             0.15405,            0.017778,             0.84653,             0.24074,             0.28253,             0.11555,            0.052872,             0.16681,            0.026534,            0.009736,            0.009736,            0.009736
                  10,             0.05592,             0.15199,            0.017619,             0.82833,             0.23413,             0.26321,             0.11638,            0.051299,             0.17392,            0.025584,            0.009703,            0.009703,            0.009703
                  11,             0.05682,              0.1511,            0.016795,             0.18391,              0.4493,             0.32713,             0.14381,            0.047502,             0.16399,             0.02482,             0.00967,             0.00967,             0.00967
                  12,            0.057036,             0.14607,            0.016525,             0.43988,             0.44924,             0.37487,              0.1742,            0.048896,             0.16025,            0.024113,            0.009637,            0.009637,            0.009637
                  13,            0.055813,             0.14293,            0.015326,             0.45019,             0.45442,             0.40452,             0.17507,            0.047452,             0.16928,            0.024732,            0.009604,            0.009604,            0.009604
                  14,            0.055506,             0.14716,            0.015187,             0.35208,             0.52461,             0.43197,             0.19692,            0.047451,              0.1699,            0.022665,            0.009571,            0.009571,            0.009571
                  15,            0.053319,              0.1457,            0.014741,             0.34434,             0.54754,             0.39388,             0.15386,            0.050145,             0.15957,              0.0218,            0.009538,            0.009538,            0.009538
                  16,            0.053203,             0.14994,            0.015053,             0.42038,             0.54578,             0.44508,             0.20477,            0.045936,             0.15774,            0.020336,            0.009505,            0.009505,            0.009505
                  17,            0.052277,             0.14465,            0.014527,             0.42896,             0.56231,             0.46981,             0.22936,            0.044813,             0.16117,            0.019408,            0.009472,            0.009472,            0.009472
                  18,            0.052297,             0.14195,            0.012379,             0.38901,             0.57032,             0.47197,             0.22418,            0.044044,             0.16546,            0.018955,            0.009439,            0.009439,            0.009439
                  19,            0.051421,             0.14781,            0.011321,             0.42323,             0.56423,             0.49032,             0.21822,            0.047082,             0.16303,            0.016461,            0.009406,            0.009406,            0.009406
                  20,            0.051267,             0.13954,            0.011548,             0.42893,             0.56537,             0.47242,             0.23112,            0.044338,             0.16723,            0.016691,            0.009373,            0.009373,            0.009373
                  21,            0.051232,             0.14471,            0.010587,             0.45936,             0.62876,             0.51465,             0.26111,            0.042129,             0.15847,            0.015527,             0.00934,             0.00934,             0.00934
                  22,            0.050716,             0.14287,           0.0099594,             0.47011,             0.57414,             0.50616,             0.24998,            0.043457,             0.16132,             0.01539,            0.009307,            0.009307,            0.009307
                  23,            0.049896,             0.14715,            0.010471,             0.50641,             0.63796,             0.55602,             0.27808,            0.041942,             0.15452,            0.014025,            0.009274,            0.009274,            0.009274
                  24,            0.051519,             0.13943,           0.0097801,             0.47219,             0.64254,             0.54658,             0.27305,             0.04227,             0.15549,            0.014188,            0.009241,            0.009241,            0.009241
                  25,            0.049357,              0.1386,           0.0097174,             0.45359,             0.59865,             0.52354,             0.25315,            0.041866,             0.15964,             0.01668,            0.009208,            0.009208,            0.009208
                  26,            0.049344,             0.13586,           0.0094587,             0.46293,             0.64305,             0.53032,             0.27138,            0.042619,             0.15879,            0.014644,            0.009175,            0.009175,            0.009175
                  27,            0.049581,             0.13957,           0.0095806,             0.50584,             0.61719,             0.54286,             0.26254,             0.04286,             0.16044,            0.014196,            0.009142,            0.009142,            0.009142
                  28,            0.047768,             0.13605,           0.0096856,              0.4924,             0.61541,             0.52429,             0.27432,            0.042127,             0.15878,            0.014254,            0.009109,            0.009109,            0.009109
                  29,            0.047475,             0.13306,           0.0090894,             0.50886,             0.52773,             0.50186,             0.25716,            0.043662,             0.15873,            0.016948,            0.009076,            0.009076,            0.009076
                  30,            0.048548,             0.13669,            0.008557,             0.52428,             0.58751,             0.53407,             0.27137,            0.042409,             0.15746,            0.013448,            0.009043,            0.009043,            0.009043
                  31,             0.04804,             0.13865,           0.0085651,             0.50253,             0.63853,              0.5432,             0.27812,            0.041835,             0.15948,            0.013346,             0.00901,             0.00901,             0.00901
                  32,            0.047044,             0.13639,           0.0086789,             0.50357,              0.6165,             0.54071,             0.28179,            0.040979,             0.15803,            0.014378,            0.008977,            0.008977,            0.008977
                  33,             0.04681,             0.13958,           0.0087868,              0.4848,             0.65071,             0.56642,             0.28544,            0.040833,              0.1642,            0.012785,            0.008944,            0.008944,            0.008944
                  34,            0.048087,              0.1408,           0.0080866,             0.51187,              0.6074,             0.55354,             0.27744,            0.042752,             0.15741,            0.013628,            0.008911,            0.008911,            0.008911
                  35,            0.047301,             0.13434,           0.0081367,             0.44089,             0.59077,             0.51691,             0.25734,            0.042398,             0.15862,            0.017013,            0.008878,            0.008878,            0.008878
                  36,            0.046264,             0.13481,           0.0087594,             0.47208,             0.63036,             0.53639,             0.27125,            0.040568,             0.16016,             0.01445,            0.008845,            0.008845,            0.008845
                  37,            0.046656,              0.1314,           0.0089101,             0.50139,             0.60464,             0.52834,             0.26762,            0.041257,             0.17328,             0.01391,            0.008812,            0.008812,            0.008812
                  38,            0.044905,             0.13508,           0.0081169,             0.47202,             0.60134,             0.51122,             0.25084,            0.044625,             0.16375,            0.013529,            0.008779,            0.008779,            0.008779
                  39,            0.045133,             0.13148,            0.007592,              0.4034,             0.55619,             0.47429,             0.23194,            0.046525,             0.16691,            0.023277,            0.008746,            0.008746,            0.008746
                  40,            0.044911,             0.13156,           0.0078308,             0.47278,             0.60553,                0.53,             0.26168,            0.044748,             0.16479,              0.0142,            0.008713,            0.008713,            0.008713
                  41,            0.046069,              0.1293,           0.0077867,             0.51378,             0.58746,             0.55472,             0.26329,            0.047809,             0.15743,            0.012914,             0.00868,             0.00868,             0.00868
                  42,             0.04435,             0.12557,           0.0074675,             0.52536,             0.60207,             0.58975,             0.28868,            0.043325,             0.15932,            0.012144,            0.008647,            0.008647,            0.008647
                  43,             0.04487,             0.13091,           0.0078276,             0.50853,             0.62537,             0.56274,             0.28883,              0.0418,             0.16266,            0.012682,            0.008614,            0.008614,            0.008614
                  44,            0.045429,             0.12702,           0.0076523,             0.53335,             0.61232,             0.56291,              0.2933,            0.041572,             0.16473,            0.012239,            0.008581,            0.008581,            0.008581
                  45,            0.044812,             0.12951,           0.0076766,             0.49002,             0.56026,             0.50729,             0.25022,            0.043012,             0.16415,            0.017784,            0.008548,            0.008548,            0.008548
                  46,            0.043321,             0.13258,           0.0078083,              0.5021,             0.58333,             0.51832,             0.24982,            0.045026,              0.1701,            0.013361,            0.008515,            0.008515,            0.008515
                  47,            0.043883,             0.13449,           0.0073349,             0.49471,             0.61432,             0.56164,             0.29558,             0.04017,             0.16089,             0.01486,            0.008482,            0.008482,            0.008482
                  48,            0.043322,             0.12924,           0.0078089,             0.52508,             0.52021,             0.49059,             0.26504,            0.041279,             0.17229,             0.01507,            0.008449,            0.008449,            0.008449
                  49,             0.04345,             0.12473,           0.0072022,             0.52505,             0.65236,             0.56424,             0.27862,            0.043165,             0.16274,             0.01253,            0.008416,            0.008416,            0.008416
                  50,            0.043246,               0.122,            0.006779,             0.56418,             0.61658,             0.59689,             0.30556,            0.041138,             0.16674,            0.012252,            0.008383,            0.008383,            0.008383
                  51,            0.043784,             0.12457,           0.0068664,             0.50362,             0.67897,              0.5859,              0.3081,            0.040367,             0.16199,            0.011339,             0.00835,             0.00835,             0.00835
                  52,            0.044021,             0.12562,           0.0076398,              0.5467,             0.65946,              0.6266,             0.32452,            0.040776,             0.15602,            0.011667,            0.008317,            0.008317,            0.008317
                  53,            0.042871,             0.12556,           0.0068971,             0.55834,             0.58733,             0.58479,             0.31278,            0.040937,             0.16344,            0.012904,            0.008284,            0.008284,            0.008284
                  54,            0.042912,             0.12837,           0.0067989,             0.61884,             0.61329,             0.63657,             0.33126,            0.040406,              0.1617,            0.011847,            0.008251,            0.008251,            0.008251
                  55,            0.043511,             0.12679,           0.0066644,             0.61382,             0.59327,             0.62584,             0.31251,            0.041168,              0.1612,            0.012228,            0.008218,            0.008218,            0.008218
                  56,            0.042457,              0.1258,           0.0070046,             0.67484,             0.55558,             0.61371,             0.32862,            0.040387,             0.16768,            0.012162,            0.008185,            0.008185,            0.008185
                  57,             0.04302,             0.12198,           0.0063247,             0.64814,             0.62393,             0.64572,              0.3464,            0.040439,             0.15971,            0.012013,            0.008152,            0.008152,            0.008152
                  58,            0.040837,             0.12194,            0.006401,             0.62197,             0.65795,              0.6678,             0.33451,            0.041945,             0.16526,            0.010882,            0.008119,            0.008119,            0.008119
                  59,            0.042644,             0.11997,           0.0062147,              0.7146,             0.59784,             0.68356,             0.36019,            0.040601,             0.16109,            0.010528,            0.008086,            0.008086,            0.008086
                  60,            0.042225,             0.12193,           0.0061712,             0.66265,             0.59393,             0.63767,             0.35668,            0.039847,             0.16748,            0.011795,            0.008053,            0.008053,            0.008053
                  61,            0.041587,             0.12133,           0.0057613,               0.639,             0.55475,             0.59576,             0.32112,            0.042612,             0.20844,           0.0099243,             0.00802,             0.00802,             0.00802
                  62,            0.042062,             0.12504,           0.0059459,             0.63471,             0.58962,             0.61506,              0.3193,            0.043605,             0.17502,            0.011053,            0.007987,            0.007987,            0.007987
                  63,            0.042321,             0.12191,           0.0058059,              0.7583,              0.6195,             0.68767,             0.36945,            0.041186,              0.1615,           0.0098225,            0.007954,            0.007954,            0.007954
                  64,            0.040937,             0.11843,           0.0054121,             0.77823,             0.61037,             0.68916,             0.37537,            0.041142,             0.16702,           0.0092834,            0.007921,            0.007921,            0.007921
                  65,            0.042033,             0.12285,           0.0052394,              0.7345,             0.63639,             0.67126,             0.30489,            0.046715,             0.16561,           0.0084875,            0.007888,            0.007888,            0.007888
                  66,            0.040993,             0.11935,           0.0052978,             0.79581,             0.58142,             0.66867,             0.35683,            0.042358,             0.17967,           0.0084394,            0.007855,            0.007855,            0.007855
                  67,            0.040399,             0.12064,           0.0050753,             0.80469,             0.59278,             0.68243,             0.35369,            0.044001,             0.18778,           0.0081591,            0.007822,            0.007822,            0.007822
                  68,            0.040917,             0.12115,           0.0049067,             0.78748,             0.63741,             0.70354,             0.37675,            0.040724,             0.16563,           0.0096245,            0.007789,            0.007789,            0.007789
                  69,            0.040886,             0.11706,           0.0045329,             0.79243,             0.60898,             0.68085,              0.3751,            0.040321,             0.17088,            0.010439,            0.007756,            0.007756,            0.007756
                  70,            0.040948,              0.1155,           0.0045405,             0.74457,             0.63883,             0.69593,             0.38046,            0.040261,             0.16588,           0.0084286,            0.007723,            0.007723,            0.007723
                  71,            0.039849,             0.12064,           0.0045648,             0.72173,             0.62739,             0.69219,             0.35976,            0.042437,             0.16612,           0.0086191,             0.00769,             0.00769,             0.00769
                  72,            0.041186,             0.11647,           0.0044558,             0.75942,             0.61003,             0.67724,             0.35337,            0.043341,             0.16911,           0.0079966,            0.007657,            0.007657,            0.007657
                  73,            0.041258,             0.11821,            0.004726,              0.7348,             0.67459,             0.70982,             0.37435,             0.04236,             0.16956,            0.007608,            0.007624,            0.007624,            0.007624
                  74,            0.040567,             0.11595,           0.0043591,             0.70049,              0.6733,              0.7071,             0.37964,            0.041384,             0.16904,           0.0081551,            0.007591,            0.007591,            0.007591
                  75,            0.039881,             0.12489,           0.0042602,             0.77986,              0.6384,             0.70593,             0.38284,            0.040641,             0.16555,           0.0093533,            0.007558,            0.007558,            0.007558
                  76,            0.041083,             0.11358,            0.004571,             0.73674,             0.68796,             0.71071,             0.38306,            0.041138,             0.16542,           0.0080269,            0.007525,            0.007525,            0.007525
                  77,            0.040109,             0.11386,            0.004472,             0.76854,              0.6426,             0.70019,              0.3757,            0.040376,             0.16545,           0.0086472,            0.007492,            0.007492,            0.007492
                  78,            0.039097,             0.12098,           0.0048165,             0.74172,             0.66342,             0.70415,             0.37826,            0.039635,             0.16526,           0.0081751,            0.007459,            0.007459,            0.007459
                  79,            0.040402,             0.11731,           0.0040852,             0.76538,             0.63036,             0.70944,             0.37636,             0.04025,             0.16776,           0.0075926,            0.007426,            0.007426,            0.007426
                  80,            0.039939,             0.11189,           0.0039226,             0.71848,             0.64561,             0.68294,             0.36597,            0.040985,             0.16832,           0.0099621,            0.007393,            0.007393,            0.007393
                  81,            0.040315,             0.11546,           0.0043547,             0.77052,             0.63699,              0.6991,             0.38049,            0.041303,             0.17065,           0.0082655,             0.00736,             0.00736,             0.00736
                  82,            0.039041,             0.11358,            0.004002,             0.77375,             0.64784,             0.71034,             0.37871,            0.041921,             0.17075,            0.008218,            0.007327,            0.007327,            0.007327
                  83,            0.039093,             0.11669,           0.0040921,             0.75058,             0.69831,             0.71619,             0.38569,            0.040052,             0.16602,           0.0082935,            0.007294,            0.007294,            0.007294
                  84,            0.040104,             0.11686,           0.0035583,             0.78257,             0.64587,             0.69062,             0.36236,            0.041439,             0.16934,           0.0091776,            0.007261,            0.007261,            0.007261
                  85,            0.040062,             0.11486,           0.0038652,             0.72117,             0.67921,             0.71811,             0.39028,            0.040345,             0.16644,           0.0088938,            0.007228,            0.007228,            0.007228
                  86,            0.039262,             0.11207,           0.0040585,             0.74274,             0.67781,             0.71721,             0.39289,            0.041019,             0.16606,           0.0085939,            0.007195,            0.007195,            0.007195
                  87,            0.039829,             0.11568,           0.0038895,             0.79669,             0.62981,             0.71335,              0.3765,            0.040652,             0.16872,           0.0078712,            0.007162,            0.007162,            0.007162
                  88,            0.039137,             0.11265,           0.0036946,             0.76491,             0.62203,             0.68208,              0.3657,            0.041862,             0.17751,           0.0077774,            0.007129,            0.007129,            0.007129
                  89,            0.038379,             0.10966,           0.0037793,             0.75872,             0.60738,             0.70054,             0.37807,            0.041059,             0.16811,           0.0084143,            0.007096,            0.007096,            0.007096
                  90,             0.03839,             0.11351,           0.0034716,             0.82265,              0.5907,             0.68157,             0.37693,            0.042131,             0.18145,           0.0083834,            0.007063,            0.007063,            0.007063
                  91,             0.03835,             0.11465,           0.0038016,             0.73886,             0.64613,             0.68563,             0.34218,            0.044001,             0.17757,           0.0078117,             0.00703,             0.00703,             0.00703
                  92,            0.040218,             0.10892,           0.0033803,             0.66605,             0.61647,             0.64457,             0.35503,            0.042077,             0.17949,            0.011854,            0.006997,            0.006997,            0.006997
                  93,             0.03865,             0.11275,           0.0032771,             0.67835,              0.6187,             0.63922,             0.33122,             0.04353,              0.1794,           0.0091507,            0.006964,            0.006964,            0.006964
                  94,            0.037298,              0.1127,           0.0039199,             0.70662,             0.62777,             0.67851,             0.37616,            0.040074,             0.16973,           0.0085831,            0.006931,            0.006931,            0.006931
                  95,            0.037802,             0.10984,           0.0032203,             0.67085,             0.66539,             0.67885,             0.36773,              0.0429,             0.17157,           0.0073523,            0.006898,            0.006898,            0.006898
                  96,            0.038911,             0.11025,           0.0032493,             0.72721,             0.62018,              0.6632,             0.35604,            0.041625,             0.17434,           0.0085962,            0.006865,            0.006865,            0.006865
                  97,              0.0382,             0.10957,            0.003458,             0.73309,             0.60429,             0.66515,              0.3531,            0.043259,             0.18285,            0.008519,            0.006832,            0.006832,            0.006832
                  98,            0.038278,             0.11387,           0.0032747,             0.72292,              0.6169,             0.65732,             0.34275,            0.043544,              0.1784,            0.010097,            0.006799,            0.006799,            0.006799
                  99,            0.037649,             0.11172,           0.0033305,             0.79333,             0.60401,             0.68438,             0.37025,            0.040957,             0.17288,           0.0088703,            0.006766,            0.006766,            0.006766
                 100,            0.037181,             0.10908,           0.0028738,              0.7302,             0.65954,             0.70878,             0.38978,            0.041136,             0.17053,           0.0074461,            0.006733,            0.006733,            0.006733
                 101,            0.037905,             0.10523,           0.0027088,             0.73203,             0.62695,             0.69424,             0.37252,            0.042149,             0.18256,           0.0080915,              0.0067,              0.0067,              0.0067
                 102,            0.038377,              0.1091,           0.0032605,             0.75797,             0.62208,             0.68804,             0.37387,            0.041216,             0.17572,           0.0078083,            0.006667,            0.006667,            0.006667
                 103,            0.037692,             0.11242,           0.0034774,             0.70017,             0.65274,             0.67687,             0.36631,            0.040725,             0.17203,           0.0088932,            0.006634,            0.006634,            0.006634
                 104,            0.037509,             0.10849,           0.0030612,             0.74323,             0.65208,             0.68645,              0.3781,            0.040901,             0.17558,           0.0087496,            0.006601,            0.006601,            0.006601
                 105,            0.037317,             0.10767,            0.002716,              0.7259,             0.64701,             0.68399,             0.37427,             0.04221,             0.17918,            0.008709,            0.006568,            0.006568,            0.006568
                 106,            0.036549,             0.10983,           0.0030509,             0.73579,             0.61529,             0.68679,             0.38242,             0.04144,             0.17536,            0.007933,            0.006535,            0.006535,            0.006535
                 107,            0.036903,             0.10841,           0.0029235,              0.7421,             0.62687,             0.70013,             0.37442,            0.041257,             0.17088,           0.0077671,            0.006502,            0.006502,            0.006502
                 108,            0.037258,             0.10999,             0.00283,             0.74875,             0.63537,             0.69349,              0.3667,            0.041748,             0.17123,           0.0092674,            0.006469,            0.006469,            0.006469
                 109,            0.036654,             0.11031,           0.0028113,             0.78473,             0.62504,             0.70576,             0.37376,            0.040673,             0.17162,           0.0090054,            0.006436,            0.006436,            0.006436
                 110,            0.035988,             0.10631,           0.0027823,             0.75985,             0.62504,             0.68897,             0.37643,            0.040582,             0.17697,           0.0086861,            0.006403,            0.006403,            0.006403
                 111,            0.036759,             0.10549,           0.0028548,             0.75368,              0.6486,             0.68233,             0.37855,            0.040194,             0.17617,           0.0083908,             0.00637,             0.00637,             0.00637
                 112,            0.037184,             0.10869,           0.0025292,             0.74572,             0.61805,             0.67814,             0.36731,            0.040849,             0.17401,           0.0093533,            0.006337,            0.006337,            0.006337
                 113,             0.03579,             0.10399,           0.0026067,             0.69392,             0.64472,             0.67648,             0.36974,            0.040686,             0.17632,           0.0083239,            0.006304,            0.006304,            0.006304
                 114,             0.03653,              0.1078,           0.0026548,             0.71422,             0.62876,             0.67518,              0.3688,            0.040375,             0.17831,           0.0090448,            0.006271,            0.006271,            0.006271
                 115,            0.036275,             0.10433,           0.0027865,             0.79288,              0.6389,              0.7139,              0.3904,            0.040558,             0.17807,           0.0067217,            0.006238,            0.006238,            0.006238
                 116,            0.035955,             0.10428,           0.0024205,             0.73766,             0.61566,             0.66578,             0.34321,            0.044372,             0.18878,           0.0083994,            0.006205,            0.006205,            0.006205
                 117,            0.036002,             0.10464,           0.0023611,             0.70744,             0.61743,             0.66187,             0.35464,            0.041764,             0.18488,            0.010275,            0.006172,            0.006172,            0.006172
                 118,             0.03585,              0.1091,           0.0023176,             0.81112,              0.5885,             0.66825,             0.36593,            0.042425,             0.18955,           0.0097229,            0.006139,            0.006139,            0.006139
                 119,            0.036623,             0.10284,           0.0025434,             0.74559,             0.59671,              0.6517,             0.35255,            0.042585,             0.18633,           0.0093172,            0.006106,            0.006106,            0.006106
                 120,            0.036125,              0.1073,           0.0023581,             0.73947,             0.62974,             0.68175,             0.36832,            0.042883,             0.18853,           0.0077974,            0.006073,            0.006073,            0.006073
                 121,            0.036086,             0.10863,           0.0025934,             0.77515,             0.60605,             0.68821,             0.34703,            0.043035,             0.17537,           0.0076618,             0.00604,             0.00604,             0.00604
                 122,            0.036166,              0.1038,            0.002362,             0.71792,             0.62335,             0.67765,             0.36241,            0.042338,             0.18018,           0.0087673,            0.006007,            0.006007,            0.006007
                 123,            0.035318,             0.10306,           0.0024854,              0.7491,             0.55513,             0.63273,             0.33088,            0.043439,             0.19984,           0.0099461,            0.005974,            0.005974,            0.005974
                 124,            0.034993,             0.10204,           0.0025707,             0.77467,             0.59797,             0.65133,             0.34681,            0.043314,             0.19332,           0.0094683,            0.005941,            0.005941,            0.005941
                 125,            0.035437,             0.10267,           0.0023944,             0.63928,             0.70787,              0.6925,             0.36264,            0.043186,             0.18165,           0.0079411,            0.005908,            0.005908,            0.005908
                 126,            0.035637,             0.10427,           0.0023773,             0.70338,             0.64459,             0.68183,             0.36422,            0.041327,             0.18291,           0.0075399,            0.005875,            0.005875,            0.005875
                 127,            0.035853,             0.10407,           0.0023831,             0.74755,             0.65313,             0.69234,             0.37876,            0.041389,             0.18087,           0.0087061,            0.005842,            0.005842,            0.005842
                 128,            0.035071,             0.10199,           0.0022039,             0.68377,             0.66823,             0.68132,             0.37087,            0.040818,             0.17814,           0.0089241,            0.005809,            0.005809,            0.005809
                 129,            0.035407,             0.10272,           0.0020399,             0.73284,             0.65337,             0.68884,             0.36909,            0.040508,             0.17447,           0.0084251,            0.005776,            0.005776,            0.005776
                 130,            0.034899,             0.10492,           0.0023235,             0.69981,              0.6628,             0.69066,             0.37543,            0.040036,             0.17842,           0.0086082,            0.005743,            0.005743,            0.005743
                 131,            0.035654,            0.098831,           0.0019893,             0.76929,             0.61823,             0.67481,              0.3705,            0.041456,             0.19815,            0.008357,             0.00571,             0.00571,             0.00571
                 132,            0.034968,             0.10235,           0.0021199,             0.74708,             0.63851,             0.67112,             0.36476,             0.04174,             0.19667,           0.0087736,            0.005677,            0.005677,            0.005677
                 133,            0.034103,            0.097755,           0.0022236,             0.74142,             0.59644,             0.66193,             0.35258,            0.042417,             0.20489,           0.0087851,            0.005644,            0.005644,            0.005644
                 134,            0.034145,             0.10082,           0.0021278,             0.78754,             0.60393,             0.67267,             0.36206,            0.040604,             0.18304,           0.0082953,            0.005611,            0.005611,            0.005611
                 135,            0.035548,             0.10438,           0.0019881,             0.73289,             0.62176,             0.66565,             0.35357,            0.040826,             0.18199,             0.01067,            0.005578,            0.005578,            0.005578
                 136,             0.03604,               0.106,           0.0020352,             0.77299,             0.62809,             0.68153,             0.36239,            0.042107,             0.18124,           0.0084532,            0.005545,            0.005545,            0.005545
                 137,            0.035228,            0.099457,           0.0019374,             0.78613,             0.59848,              0.6708,             0.35947,            0.042092,             0.18342,            0.008725,            0.005512,            0.005512,            0.005512
                 138,            0.035051,            0.097687,           0.0021761,             0.72507,              0.6022,             0.65319,              0.3469,            0.043008,              0.1882,            0.010815,            0.005479,            0.005479,            0.005479
                 139,            0.035032,              0.1034,            0.002177,             0.71091,             0.61793,             0.65149,             0.35172,            0.042402,             0.19624,           0.0098059,            0.005446,            0.005446,            0.005446
                 140,            0.033994,            0.095285,           0.0019821,             0.76966,             0.60255,             0.65665,             0.35375,            0.044206,             0.19875,           0.0085196,            0.005413,            0.005413,            0.005413
                 141,            0.034755,             0.10054,           0.0019658,             0.76123,             0.62808,             0.66647,             0.34701,             0.04402,             0.19081,           0.0086254,             0.00538,             0.00538,             0.00538
                 142,            0.034436,             0.10026,           0.0019304,             0.75396,             0.63624,             0.67005,             0.36946,            0.041325,             0.18787,           0.0083399,            0.005347,            0.005347,            0.005347
                 143,            0.033778,             0.10059,           0.0019243,              0.7197,             0.62698,             0.67875,             0.35757,            0.041754,             0.17958,           0.0093304,            0.005314,            0.005314,            0.005314
                 144,            0.034067,            0.097527,           0.0019352,             0.72376,             0.63481,             0.67347,             0.36357,            0.041357,             0.18616,           0.0098064,            0.005281,            0.005281,            0.005281
                 145,            0.033639,            0.099806,           0.0016928,             0.71237,             0.66521,             0.67739,             0.36614,            0.041101,             0.18394,           0.0091627,            0.005248,            0.005248,            0.005248
                 146,            0.033523,            0.098531,           0.0019057,             0.70273,             0.65365,             0.67537,             0.36913,            0.041092,             0.18798,            0.008555,            0.005215,            0.005215,            0.005215
                 147,            0.033567,             0.10011,           0.0019298,             0.78141,             0.61525,             0.66165,             0.36208,            0.042073,             0.19102,           0.0088463,            0.005182,            0.005182,            0.005182
                 148,            0.033115,            0.093306,           0.0018357,              0.7587,              0.6145,             0.67757,             0.37414,            0.041193,             0.19389,            0.009236,            0.005149,            0.005149,            0.005149
                 149,            0.033686,            0.098117,           0.0019383,             0.76749,             0.62344,             0.67639,              0.3702,            0.041476,             0.18928,           0.0086706,            0.005116,            0.005116,            0.005116
                 150,             0.03398,            0.096451,           0.0018576,             0.79433,             0.62699,             0.70403,             0.38361,            0.041034,             0.18301,           0.0081156,            0.005083,            0.005083,            0.005083
                 151,            0.033793,            0.099633,           0.0017576,             0.76452,             0.66188,             0.68721,             0.37049,            0.041526,             0.18631,           0.0087593,             0.00505,             0.00505,             0.00505
                 152,             0.03321,            0.099377,           0.0018782,             0.82323,             0.60087,             0.69444,              0.3781,            0.041413,             0.19224,           0.0082043,            0.005017,            0.005017,            0.005017
                 153,            0.033631,            0.097674,            0.001723,             0.77503,             0.64174,              0.7074,             0.37998,            0.041309,             0.18185,           0.0075096,            0.004984,            0.004984,            0.004984
                 154,            0.032368,            0.095554,           0.0018674,              0.7346,             0.65414,             0.70716,             0.37755,            0.041324,              0.1809,           0.0072407,            0.004951,            0.004951,            0.004951
                 155,            0.033215,            0.099266,           0.0018939,             0.77133,             0.59855,             0.69146,             0.36496,            0.041846,               0.187,           0.0078804,            0.004918,            0.004918,            0.004918
                 156,            0.032658,             0.09432,           0.0018076,             0.77196,             0.61504,             0.67912,             0.37145,             0.04184,             0.19368,           0.0087296,            0.004885,            0.004885,            0.004885
                 157,            0.033169,            0.096596,           0.0019922,             0.81138,             0.61406,             0.68534,             0.37084,            0.042055,             0.19029,           0.0092016,            0.004852,            0.004852,            0.004852
                 158,            0.032313,            0.096394,           0.0017969,             0.72411,             0.67155,             0.70011,             0.38255,            0.041419,             0.18456,           0.0071995,            0.004819,            0.004819,            0.004819
                 159,             0.03271,            0.098767,            0.001735,             0.74784,             0.64492,             0.68722,             0.37407,            0.041505,              0.1852,           0.0083588,            0.004786,            0.004786,            0.004786
                 160,            0.033419,             0.09632,           0.0016081,             0.76852,             0.62716,             0.67503,             0.35449,             0.04403,             0.18721,           0.0076332,            0.004753,            0.004753,            0.004753
                 161,            0.032292,            0.096134,            0.001849,             0.75851,             0.63543,             0.67403,             0.36431,             0.04333,              0.1983,           0.0075588,             0.00472,             0.00472,             0.00472
                 162,            0.032023,            0.096827,           0.0014976,             0.75583,             0.62822,             0.68213,             0.36739,            0.042776,             0.19591,           0.0075829,            0.004687,            0.004687,            0.004687
                 163,            0.031968,            0.091949,           0.0016246,             0.79543,             0.60018,             0.67327,             0.36474,            0.041519,             0.19473,           0.0087381,            0.004654,            0.004654,            0.004654
                 164,            0.032087,            0.098517,           0.0016377,             0.77508,             0.62914,             0.67761,             0.37042,            0.042415,             0.19907,            0.008107,            0.004621,            0.004621,            0.004621
                 165,            0.031753,            0.095455,           0.0016675,             0.75816,             0.63064,             0.68842,             0.36678,            0.043677,             0.19247,             0.00762,            0.004588,            0.004588,            0.004588
                 166,            0.031968,            0.092164,           0.0014912,             0.73295,             0.62935,             0.69048,             0.37314,            0.042555,             0.19157,           0.0072876,            0.004555,            0.004555,            0.004555
                 167,            0.032573,            0.096743,           0.0015879,             0.73718,             0.61747,             0.66924,             0.36346,            0.042806,             0.19249,           0.0084646,            0.004522,            0.004522,            0.004522
                 168,            0.031966,            0.094425,           0.0016029,             0.77482,             0.60664,             0.67863,             0.36398,            0.042745,             0.19267,           0.0099615,            0.004489,            0.004489,            0.004489
                 169,            0.032543,            0.090985,           0.0014465,             0.74073,             0.66042,             0.67675,             0.36922,             0.04311,             0.20316,           0.0084555,            0.004456,            0.004456,            0.004456
                 170,            0.031549,            0.093928,           0.0015264,             0.75517,             0.65216,             0.69144,             0.38112,            0.041376,             0.19632,           0.0079611,            0.004423,            0.004423,            0.004423
                 171,            0.031513,            0.090516,           0.0014414,             0.80947,             0.59968,             0.69195,             0.37615,            0.042001,             0.19933,           0.0084566,             0.00439,             0.00439,             0.00439
                 172,            0.032783,            0.097051,           0.0016709,             0.80841,             0.61263,             0.67418,             0.37351,            0.041017,             0.19328,            0.009181,            0.004357,            0.004357,            0.004357
                 173,            0.032353,            0.096825,           0.0016846,             0.77174,             0.60515,             0.67766,             0.36875,            0.041099,             0.18962,           0.0089705,            0.004324,            0.004324,            0.004324
                 174,            0.031522,            0.090622,           0.0014596,             0.75461,             0.60213,             0.66962,             0.36407,            0.042665,             0.19701,           0.0091587,            0.004291,            0.004291,            0.004291
                 175,             0.03185,            0.096298,            0.001468,             0.73003,             0.63112,             0.67201,             0.36236,            0.041701,             0.19684,           0.0091953,            0.004258,            0.004258,            0.004258
                 176,            0.031546,            0.092836,           0.0012802,             0.80007,             0.61007,             0.67731,              0.3719,            0.041165,             0.19518,           0.0094208,            0.004225,            0.004225,            0.004225
                 177,            0.031644,            0.093873,           0.0014887,             0.74553,             0.63214,             0.67161,             0.37207,            0.042006,             0.20369,           0.0085945,            0.004192,            0.004192,            0.004192
                 178,            0.031458,            0.093025,           0.0015927,               0.794,             0.60986,             0.67529,             0.36392,            0.041955,             0.20263,           0.0085361,            0.004159,            0.004159,            0.004159
                 179,            0.031442,            0.092969,           0.0015487,             0.75616,             0.62188,             0.67974,             0.36848,            0.041317,             0.19074,           0.0085917,            0.004126,            0.004126,            0.004126
                 180,            0.031661,            0.091818,           0.0014621,             0.79803,             0.59115,             0.66206,             0.35473,            0.042707,             0.19659,           0.0087067,            0.004093,            0.004093,            0.004093
                 181,            0.031248,            0.092073,           0.0013684,             0.70418,             0.66695,             0.68236,             0.36872,            0.041512,             0.19705,           0.0094391,             0.00406,             0.00406,             0.00406
                 182,            0.031128,            0.094081,           0.0014932,             0.80205,             0.56333,             0.65742,             0.35511,            0.044095,             0.21552,           0.0098356,            0.004027,            0.004027,            0.004027
                 183,            0.030736,            0.091065,           0.0014016,             0.78716,             0.58989,             0.66509,              0.3511,            0.043838,             0.20865,           0.0093075,            0.003994,            0.003994,            0.003994
                 184,            0.031042,            0.093406,           0.0014299,             0.77951,              0.6159,             0.67619,             0.36196,            0.042849,             0.20318,           0.0095066,            0.003961,            0.003961,            0.003961
                 185,            0.031209,            0.097491,           0.0013606,              0.7584,             0.64341,             0.68821,             0.38656,            0.041103,             0.20088,           0.0082043,            0.003928,            0.003928,            0.003928
                 186,            0.031439,             0.09419,           0.0014822,             0.70438,             0.64485,             0.67301,             0.37506,            0.041588,              0.2039,           0.0091255,            0.003895,            0.003895,            0.003895
                 187,            0.030499,            0.087939,           0.0014422,             0.69192,             0.64164,             0.67305,             0.36801,            0.043286,             0.20258,           0.0085899,            0.003862,            0.003862,            0.003862
                 188,            0.030996,            0.091066,           0.0014058,             0.76061,             0.60288,             0.67006,             0.36514,            0.041828,             0.19496,           0.0086941,            0.003829,            0.003829,            0.003829
                 189,            0.030269,            0.092697,           0.0015676,             0.75095,             0.64256,             0.69105,             0.37602,            0.041558,             0.19399,           0.0082712,            0.003796,            0.003796,            0.003796
                 190,            0.030169,            0.088693,           0.0013298,             0.83736,             0.61264,             0.68744,             0.37471,            0.042296,             0.19711,             0.00884,            0.003763,            0.003763,            0.003763
                 191,            0.030772,            0.088638,           0.0013897,             0.84631,              0.5847,             0.67858,             0.37153,             0.04324,             0.20284,            0.008864,             0.00373,             0.00373,             0.00373
                 192,            0.031153,            0.092171,           0.0013604,              0.7966,             0.60083,             0.67031,             0.37396,            0.042773,             0.20953,           0.0085321,            0.003697,            0.003697,            0.003697
                 193,            0.030765,            0.092421,            0.001342,             0.81939,             0.60937,             0.68246,             0.37234,            0.041844,             0.20116,           0.0088039,            0.003664,            0.003664,            0.003664
                 194,            0.030701,            0.091641,           0.0013911,                0.79,             0.61575,             0.66807,             0.36615,            0.041838,             0.20232,           0.0095238,            0.003631,            0.003631,            0.003631
                 195,            0.030853,            0.090569,           0.0014364,             0.75764,             0.63382,              0.6755,             0.37374,            0.041012,             0.19488,           0.0099381,            0.003598,            0.003598,            0.003598
                 196,            0.029959,            0.086002,           0.0012659,             0.77711,             0.62519,             0.67312,             0.35949,            0.041386,             0.19234,           0.0092239,            0.003565,            0.003565,            0.003565
                 197,            0.030105,            0.089079,           0.0011761,             0.76131,             0.60823,             0.65801,             0.35383,             0.04301,              0.2089,           0.0091003,            0.003532,            0.003532,            0.003532
                 198,            0.030165,            0.087851,           0.0012616,             0.82032,             0.57459,             0.64002,             0.35245,            0.044037,             0.21967,           0.0098934,            0.003499,            0.003499,            0.003499
                 199,            0.029525,             0.08797,           0.0012519,             0.76266,             0.63261,             0.67808,             0.37389,            0.042015,             0.20451,           0.0086575,            0.003466,            0.003466,            0.003466
                 200,            0.030109,            0.086851,           0.0012466,             0.75713,             0.63471,             0.67315,             0.35594,            0.043859,             0.19925,           0.0084457,            0.003433,            0.003433,            0.003433
                 201,            0.029887,            0.090704,           0.0012847,             0.77557,              0.6279,              0.6803,             0.36544,            0.043381,             0.19895,           0.0083954,              0.0034,              0.0034,              0.0034
                 202,            0.030088,            0.089281,           0.0012947,             0.77384,             0.63377,             0.68866,             0.37705,            0.041769,             0.19807,           0.0084572,            0.003367,            0.003367,            0.003367
                 203,            0.030477,            0.091795,           0.0013372,             0.78523,             0.60798,             0.67608,             0.37452,            0.042086,              0.1995,           0.0081825,            0.003334,            0.003334,            0.003334
                 204,             0.02944,            0.092234,           0.0013693,             0.76258,              0.6372,             0.67115,             0.36434,            0.042964,             0.20391,           0.0085785,            0.003301,            0.003301,            0.003301
                 205,            0.030152,            0.094146,           0.0012519,              0.7477,             0.63039,             0.68988,             0.38003,            0.042692,             0.20228,            0.007881,            0.003268,            0.003268,            0.003268
                 206,            0.029636,            0.090899,           0.0013443,              0.7909,              0.6207,             0.68781,             0.37955,            0.041843,             0.20265,           0.0082174,            0.003235,            0.003235,            0.003235
                 207,            0.029883,             0.08955,           0.0012272,             0.76561,             0.63367,             0.67466,             0.37195,            0.042861,             0.20712,           0.0082317,            0.003202,            0.003202,            0.003202
                 208,            0.029613,            0.087184,           0.0011228,             0.76825,             0.61625,             0.66241,             0.36433,            0.043816,              0.2127,           0.0078798,            0.003169,            0.003169,            0.003169
                 209,             0.02922,            0.086021,           0.0011897,             0.80759,             0.60397,             0.67248,             0.37037,            0.042109,             0.20464,           0.0086157,            0.003136,            0.003136,            0.003136
                 210,            0.029063,             0.08905,           0.0012633,              0.8093,             0.60739,             0.67332,             0.37197,            0.041453,             0.20113,           0.0085379,            0.003103,            0.003103,            0.003103
                 211,            0.029106,            0.087082,           0.0010933,             0.79084,             0.64347,             0.67268,             0.37601,            0.041738,             0.19956,            0.010009,             0.00307,             0.00307,             0.00307
                 212,            0.029268,            0.084316,           0.0012003,             0.78866,              0.6186,             0.67581,             0.37877,            0.041609,             0.19845,           0.0086941,            0.003037,            0.003037,            0.003037
                 213,            0.029485,            0.086018,           0.0010833,             0.77009,             0.62804,              0.6706,             0.36947,            0.042106,             0.20343,           0.0090775,            0.003004,            0.003004,            0.003004
                 214,             0.02952,            0.090011,           0.0011339,             0.80157,             0.61129,             0.68353,             0.38249,            0.041362,             0.19862,           0.0087891,            0.002971,            0.002971,            0.002971
                 215,            0.028602,            0.085108,           0.0011373,             0.80902,              0.6017,             0.67447,             0.37365,            0.042297,             0.20752,           0.0084858,            0.002938,            0.002938,            0.002938
                 216,            0.028997,            0.086964,           0.0011585,             0.77022,             0.64426,             0.68613,             0.38314,            0.042074,             0.20617,           0.0081625,            0.002905,            0.002905,            0.002905
                 217,            0.029157,            0.088091,           0.0011462,             0.81641,             0.62003,             0.68979,             0.38841,            0.040905,             0.20018,           0.0079525,            0.002872,            0.002872,            0.002872
                 218,            0.028372,             0.08745,             0.00122,             0.77321,              0.6428,             0.68671,             0.37973,            0.041258,              0.2019,           0.0087227,            0.002839,            0.002839,            0.002839
                 219,            0.028826,            0.084782,           0.0011714,             0.78977,             0.62785,             0.68201,             0.37116,            0.042782,             0.20248,           0.0092268,            0.002806,            0.002806,            0.002806
                 220,            0.028423,            0.084668,            0.001073,             0.74586,             0.63923,             0.68203,             0.37699,            0.042793,             0.20398,           0.0095661,            0.002773,            0.002773,            0.002773
                 221,            0.028924,            0.088282,           0.0010313,              0.7749,             0.62905,             0.68405,             0.37735,            0.042446,             0.20265,           0.0091553,             0.00274,             0.00274,             0.00274
                 222,            0.028641,            0.088877,           0.0011389,             0.79727,             0.61299,             0.67869,             0.37711,            0.041539,             0.19675,           0.0093149,            0.002707,            0.002707,            0.002707
                 223,            0.028521,            0.086994,           0.0013178,             0.79914,             0.59814,             0.67211,             0.37156,            0.042918,             0.20706,           0.0092903,            0.002674,            0.002674,            0.002674
                 224,            0.028759,            0.085552,          0.00098208,             0.74607,             0.63985,             0.66803,              0.3763,            0.041881,             0.20602,           0.0098442,            0.002641,            0.002641,            0.002641
                 225,            0.028681,             0.08669,           0.0012239,             0.74681,             0.62396,             0.66544,             0.36714,            0.043173,              0.2121,           0.0097927,            0.002608,            0.002608,            0.002608
                 226,            0.028291,            0.086466,           0.0010873,             0.76284,             0.64476,             0.67617,             0.37604,            0.042446,             0.20786,           0.0089825,            0.002575,            0.002575,            0.002575
                 227,            0.028471,             0.08742,           0.0010696,             0.78169,             0.63346,             0.67592,             0.37323,            0.042484,             0.20624,           0.0087244,            0.002542,            0.002542,            0.002542
                 228,            0.028675,            0.087402,           0.0010217,             0.74321,             0.66333,             0.68675,             0.37727,            0.042461,             0.20436,           0.0080606,            0.002509,            0.002509,            0.002509
                 229,            0.028168,             0.08531,           0.0011302,             0.79116,             0.62866,             0.68167,             0.37637,            0.042765,             0.20353,           0.0087816,            0.002476,            0.002476,            0.002476
                 230,            0.028154,            0.088475,            0.001099,              0.7724,             0.63019,              0.6793,             0.37593,            0.042156,             0.20278,           0.0089693,            0.002443,            0.002443,            0.002443
                 231,            0.028564,            0.086509,           0.0009976,             0.83121,             0.60016,             0.67933,             0.36997,            0.042397,              0.2073,           0.0087639,             0.00241,             0.00241,             0.00241
                 232,            0.028015,            0.086981,          0.00099608,             0.83061,             0.59718,             0.68534,               0.377,            0.042331,             0.20488,            0.008725,            0.002377,            0.002377,            0.002377
                 233,            0.028164,            0.086731,           0.0011282,             0.78659,             0.62413,             0.68272,             0.37146,            0.042699,             0.20733,           0.0082712,            0.002344,            0.002344,            0.002344
                 234,            0.027464,            0.084596,           0.0010772,             0.77714,             0.63166,             0.68531,             0.37656,            0.042124,             0.20784,           0.0088972,            0.002311,            0.002311,            0.002311
                 235,            0.027994,            0.083485,          0.00097943,             0.76501,             0.65726,             0.68083,             0.37707,            0.042448,             0.20838,           0.0097898,            0.002278,            0.002278,            0.002278
                 236,            0.027901,             0.08446,           0.0010316,             0.75585,              0.6368,              0.6803,             0.37822,            0.042269,             0.20751,           0.0089293,            0.002245,            0.002245,            0.002245
                 237,            0.028183,            0.084765,           0.0010596,             0.75906,              0.6405,             0.67613,              0.3735,            0.042754,             0.21043,           0.0091387,            0.002212,            0.002212,            0.002212
                 238,            0.028009,            0.086581,           0.0010047,             0.84436,             0.60259,             0.68685,             0.37833,            0.041522,              0.2077,           0.0090202,            0.002179,            0.002179,            0.002179
                 239,             0.02763,             0.08424,           0.0011758,             0.75801,             0.64409,             0.68825,             0.38108,            0.041306,             0.20375,            0.010394,            0.002146,            0.002146,            0.002146
                 240,            0.027364,            0.083638,           0.0010385,             0.76632,             0.63928,             0.68764,             0.38511,             0.04161,             0.20715,           0.0088148,            0.002113,            0.002113,            0.002113
                 241,            0.027809,            0.085193,            0.001124,             0.81545,             0.60586,              0.6871,             0.38534,            0.041446,             0.20342,           0.0086643,             0.00208,             0.00208,             0.00208
                 242,            0.027062,            0.083788,          0.00084005,             0.82412,             0.60605,             0.69346,             0.38438,            0.041977,             0.20293,           0.0091101,            0.002047,            0.002047,            0.002047
                 243,            0.027443,            0.086536,          0.00094444,             0.72749,             0.65561,               0.694,             0.38499,            0.041615,             0.20507,           0.0087221,            0.002014,            0.002014,            0.002014
                 244,            0.027216,            0.082166,           0.0010273,              0.7485,             0.64564,             0.69718,              0.3913,            0.041381,             0.20811,           0.0083261,            0.001981,            0.001981,            0.001981
                 245,            0.027604,            0.082443,           0.0010694,             0.72413,             0.64345,             0.68179,               0.382,             0.04218,             0.21468,           0.0094591,            0.001948,            0.001948,            0.001948
                 246,            0.027393,            0.083226,          0.00097855,              0.8124,             0.58516,             0.67032,             0.37133,            0.042528,             0.21269,            0.010152,            0.001915,            0.001915,            0.001915
                 247,            0.027365,             0.08442,          0.00086135,             0.71691,             0.67723,             0.69181,             0.38208,            0.042048,             0.20781,           0.0093332,            0.001882,            0.001882,            0.001882
                 248,            0.027152,            0.082596,          0.00097067,             0.84698,             0.59757,             0.69499,              0.3815,            0.041987,             0.20805,           0.0083839,            0.001849,            0.001849,            0.001849
                 249,            0.027009,            0.083489,          0.00096079,              0.7765,             0.63425,             0.69253,             0.38083,            0.041896,             0.20947,           0.0084028,            0.001816,            0.001816,            0.001816
                 250,             0.02715,            0.083207,           0.0009239,             0.78727,             0.62704,             0.67919,             0.37267,            0.042685,             0.21479,            0.008535,            0.001783,            0.001783,            0.001783
                 251,            0.027111,            0.081907,           0.0010704,             0.83992,             0.59368,             0.67797,             0.37604,            0.042155,             0.21259,           0.0094557,             0.00175,             0.00175,             0.00175
                 252,            0.027042,            0.079567,          0.00084218,             0.78953,             0.61146,             0.67427,             0.37879,            0.041992,             0.21368,           0.0090649,            0.001717,            0.001717,            0.001717
                 253,             0.02673,             0.08123,          0.00091882,             0.82333,                 0.6,             0.68145,             0.37957,            0.041779,             0.21288,           0.0094677,            0.001684,            0.001684,            0.001684
                 254,            0.027187,             0.08218,           0.0010477,             0.82372,             0.59281,             0.67602,             0.38161,            0.042264,             0.22044,           0.0085339,            0.001651,            0.001651,            0.001651
                 255,            0.026973,             0.08056,          0.00097014,             0.81008,             0.60112,             0.67658,             0.37862,              0.0424,             0.22121,           0.0088526,            0.001618,            0.001618,            0.001618
                 256,            0.026815,             0.08421,           0.0009952,             0.72788,             0.64357,             0.67946,             0.38302,            0.042597,             0.21883,           0.0094168,            0.001585,            0.001585,            0.001585
                 257,            0.026697,            0.085068,          0.00092569,             0.76058,             0.62579,             0.67784,             0.37751,             0.04269,             0.21606,           0.0097458,            0.001552,            0.001552,            0.001552
                 258,            0.026552,            0.084306,          0.00098304,             0.73505,             0.65386,             0.68354,              0.3823,             0.04289,             0.21382,           0.0088429,            0.001519,            0.001519,            0.001519
                 259,            0.026142,            0.079116,           0.0008561,             0.76204,             0.66699,             0.68759,             0.38497,            0.041935,             0.20918,           0.0092634,            0.001486,            0.001486,            0.001486
                 260,            0.026553,            0.080953,           0.0007496,             0.77706,             0.63657,             0.68857,              0.3818,            0.041803,             0.20804,           0.0091461,            0.001453,            0.001453,            0.001453
                 261,            0.026463,            0.081715,          0.00093286,             0.78686,             0.62574,             0.68763,             0.38152,             0.04166,             0.21245,           0.0082821,             0.00142,             0.00142,             0.00142
                 262,            0.026759,            0.084446,          0.00097039,             0.78835,             0.62244,             0.68508,             0.38394,            0.042391,             0.21613,           0.0081722,            0.001387,            0.001387,            0.001387
                 263,            0.026509,            0.080487,          0.00081092,             0.81542,             0.60396,             0.68008,              0.3822,            0.042124,             0.21765,           0.0086843,            0.001354,            0.001354,            0.001354
                 264,             0.02644,            0.081864,           0.0010137,              0.8268,             0.60272,             0.67243,             0.37567,            0.043122,             0.22307,           0.0088795,            0.001321,            0.001321,            0.001321
                 265,             0.02654,            0.080365,          0.00096129,             0.79662,             0.62062,             0.67132,             0.37616,            0.042173,             0.21807,           0.0094883,            0.001288,            0.001288,            0.001288
                 266,            0.026359,            0.082763,          0.00094355,             0.77177,             0.63997,             0.67747,             0.38359,            0.042127,             0.21645,           0.0089075,            0.001255,            0.001255,            0.001255
                 267,            0.026387,             0.08076,          0.00085326,             0.73154,             0.65977,             0.67464,             0.38053,            0.041698,             0.21246,           0.0086855,            0.001222,            0.001222,            0.001222
                 268,            0.026275,            0.079664,          0.00084161,             0.76763,             0.63998,             0.67946,             0.38667,            0.041523,             0.21299,           0.0090036,            0.001189,            0.001189,            0.001189
                 269,             0.02614,              0.0805,          0.00083098,             0.75029,             0.65848,             0.68519,             0.38808,            0.041459,             0.21063,           0.0091444,            0.001156,            0.001156,            0.001156
                 270,            0.026576,            0.081473,          0.00091551,              0.7214,              0.6811,             0.68453,             0.38921,            0.041665,             0.21158,           0.0088245,            0.001123,            0.001123,            0.001123
                 271,            0.026417,            0.084606,          0.00089769,              0.7433,             0.65386,             0.68277,             0.38963,            0.042046,             0.21377,           0.0085035,             0.00109,             0.00109,             0.00109
                 272,            0.026027,            0.082575,          0.00078529,             0.73375,             0.65756,             0.67895,             0.38198,            0.042796,             0.22026,           0.0085087,            0.001057,            0.001057,            0.001057
                 273,            0.026211,            0.082042,           0.0008278,             0.84096,              0.5936,             0.67591,             0.38327,            0.042423,             0.22256,           0.0087427,            0.001024,            0.001024,            0.001024
                 274,            0.026175,             0.07984,          0.00081506,             0.83457,             0.59611,             0.67567,             0.38235,            0.042128,              0.2206,           0.0088148,            0.000991,            0.000991,            0.000991
                 275,            0.026125,            0.083498,          0.00084093,             0.72617,             0.65304,              0.6825,             0.38492,            0.042244,             0.21763,           0.0082237,            0.000958,            0.000958,            0.000958
                 276,            0.025941,            0.082937,          0.00082057,             0.80782,             0.61304,              0.6873,             0.38726,            0.042051,             0.21649,           0.0087187,            0.000925,            0.000925,            0.000925
                 277,            0.025891,            0.079904,          0.00090424,              0.7539,             0.65209,             0.67888,             0.38644,            0.042414,             0.21822,           0.0089745,            0.000892,            0.000892,            0.000892
                 278,            0.025922,            0.081799,          0.00079682,             0.78445,             0.63305,             0.67017,             0.38262,            0.042554,             0.21804,           0.0091204,            0.000859,            0.000859,            0.000859
                 279,            0.025836,            0.081503,          0.00093667,              0.7685,             0.64173,             0.67336,             0.38207,             0.04216,             0.21545,           0.0086586,            0.000826,            0.000826,            0.000826
                 280,            0.025639,            0.079309,          0.00087261,             0.76887,             0.63637,             0.67735,             0.38548,            0.042141,              0.2165,            0.008238,            0.000793,            0.000793,            0.000793
                 281,            0.025819,            0.081411,          0.00080435,             0.79604,             0.61891,             0.67517,             0.38522,            0.042558,             0.21761,           0.0088446,             0.00076,             0.00076,             0.00076
                 282,            0.026064,            0.082728,          0.00087179,             0.78538,             0.62374,             0.67808,             0.38306,            0.042894,             0.21987,           0.0088961,            0.000727,            0.000727,            0.000727
                 283,            0.025617,            0.080087,          0.00091132,             0.75535,             0.64281,             0.68294,             0.39218,            0.042178,             0.21553,           0.0088915,            0.000694,            0.000694,            0.000694
                 284,            0.025679,            0.082524,          0.00092889,             0.73591,             0.66036,             0.67879,             0.38801,            0.041914,             0.21648,           0.0087324,            0.000661,            0.000661,            0.000661
                 285,            0.025795,              0.0821,          0.00077071,             0.82387,             0.60589,             0.67846,             0.38469,            0.041906,              0.2175,           0.0086998,            0.000628,            0.000628,            0.000628
                 286,            0.025429,             0.08019,          0.00082648,               0.787,               0.627,             0.67949,             0.38698,            0.042028,             0.22028,           0.0089487,            0.000595,            0.000595,            0.000595
                 287,            0.025618,            0.078522,          0.00081935,             0.74738,             0.66395,             0.68258,              0.3911,            0.041646,             0.21622,           0.0090265,            0.000562,            0.000562,            0.000562
                 288,            0.025792,            0.079865,          0.00070161,             0.76186,             0.65424,             0.68943,             0.39219,            0.041634,             0.21617,           0.0088875,            0.000529,            0.000529,            0.000529
                 289,            0.025502,            0.076226,          0.00082883,              0.7844,             0.64883,             0.68286,             0.39239,            0.041697,              0.2177,           0.0091564,            0.000496,            0.000496,            0.000496
                 290,             0.02536,            0.077164,          0.00075735,             0.80136,             0.64115,             0.68671,             0.38715,            0.042079,             0.21882,           0.0089865,            0.000463,            0.000463,            0.000463
                 291,            0.025364,            0.081899,          0.00076771,             0.78739,             0.63886,             0.68522,             0.39205,            0.042006,             0.21891,           0.0090185,             0.00043,             0.00043,             0.00043
                 292,            0.025318,            0.077456,          0.00082371,             0.72509,             0.68028,             0.68976,             0.39138,            0.041648,             0.21568,           0.0090849,            0.000397,            0.000397,            0.000397
                 293,            0.025514,            0.078841,          0.00075012,             0.80489,             0.62616,             0.68448,             0.38722,            0.041962,             0.21776,           0.0089636,            0.000364,            0.000364,            0.000364
                 294,            0.025327,            0.076959,          0.00069692,             0.79552,             0.63481,             0.67819,             0.38227,            0.042424,             0.21994,           0.0089836,            0.000331,            0.000331,            0.000331
                 295,            0.025298,            0.077739,          0.00081406,             0.79253,             0.63928,             0.68177,             0.37943,            0.042468,             0.21982,            0.009046,            0.000298,            0.000298,            0.000298
                 296,            0.025293,            0.079078,          0.00085379,             0.78234,             0.63463,             0.68348,             0.38499,            0.042207,             0.21822,           0.0090019,            0.000265,            0.000265,            0.000265
                 297,            0.025277,            0.079758,          0.00085009,             0.78344,             0.64733,               0.685,             0.38631,            0.041973,              0.2174,           0.0089916,            0.000232,            0.000232,            0.000232
                 298,            0.025372,            0.080056,          0.00071375,             0.79235,             0.63416,              0.6881,             0.38858,            0.041856,             0.21646,           0.0088554,            0.000199,            0.000199,            0.000199
                 299,            0.025187,            0.080071,          0.00082131,             0.79146,             0.63793,             0.68837,             0.38874,            0.041839,             0.21702,           0.0088984,            0.000166,            0.000166,            0.000166
